-- Datos de ejemplo para DPM_DEPARTAMENTO
INSERT INTO DPM_DEPARTAMENTO (ID_DEPT, LOC_DEP, NOMBRE_DEPT) VALUES (1, 'Madrid', 'Ventas');
INSERT INTO DPM_DEPARTAMENTO (ID_DEPT, LOC_DEP, NOMBRE_DEPT) VALUES (2, 'Barcelona', 'Marketing');
INSERT INTO DPM_DEPARTAMENTO (ID_DEPT, LOC_DEP, NOMBRE_DEPT) VALUES (3, 'Valencia', 'Recursos Humanos');
INSERT INTO DPM_DEPARTAMENTO (ID_DEPT, LOC_DEP, NOMBRE_DEPT) VALUES (4, 'Sevilla', 'Finanzas');
INSERT INTO DPM_DEPARTAMENTO (ID_DEPT, LOC_DEP, NOMBRE_DEPT) VALUES (5, 'Bilbao', 'Investigación y Desarrollo');
INSERT INTO DPM_DEPARTAMENTO (ID_DEPT, LOC_DEP, NOMBRE_DEPT) VALUES (6, 'Málaga', 'Atención al Cliente');
INSERT INTO DPM_DEPARTAMENTO (ID_DEPT, LOC_DEP, NOMBRE_DEPT) VALUES (7, 'Zaragoza', 'Logística');
INSERT INTO DPM_DEPARTAMENTO (ID_DEPT, LOC_DEP, NOMBRE_DEPT) VALUES (8, 'Alicante', 'Compras');
INSERT INTO DPM_DEPARTAMENTO (ID_DEPT, LOC_DEP, NOMBRE_DEPT) VALUES (9, 'Valladolid', 'Producción');
INSERT INTO DPM_DEPARTAMENTO (ID_DEPT, LOC_DEP, NOMBRE_DEPT) VALUES (10, 'Granada', 'Calidad');

-- Datos de ejemplo para DMP_EMPLEADO
INSERT INTO DMP_EMPLEADO (ID, CODIGO_POSTAL, DIRECCION, LOCALIDAD, FECHA_NACIMIENTO, NOMBRE, SALARIO, DEPARTAMENTO_ID_DEPT) VALUES (123, '28001', 'Calle Mayor, 1', 'Madrid', TO_DATE('1990-05-15', 'YYYY-MM-DD'), 'Juan Pérez', 2500, 1);
INSERT INTO DMP_EMPLEADO (ID, CODIGO_POSTAL, DIRECCION, LOCALIDAD, FECHA_NACIMIENTO, NOMBRE, SALARIO, DEPARTAMENTO_ID_DEPT) VALUES (456, '08001', 'Paseo de Gracia, 10', 'Barcelona', TO_DATE('1985-11-22', 'YYYY-MM-DD'), 'María García', 3000, 2);
INSERT INTO DMP_EMPLEADO (ID, CODIGO_POSTAL, DIRECCION, LOCALIDAD, FECHA_NACIMIENTO, NOMBRE, SALARIO, DEPARTAMENTO_ID_DEPT) VALUES (789, '46001', 'Plaza del Ayuntamiento, 5', 'Valencia', TO_DATE('1992-03-10', 'YYYY-MM-DD'), 'Carlos López', 2800, 3);
INSERT INTO DMP_EMPLEADO (ID, CODIGO_POSTAL, DIRECCION, LOCALIDAD, FECHA_NACIMIENTO, NOMBRE, SALARIO, DEPARTAMENTO_ID_DEPT) VALUES (101, '41001', 'Calle Sierpes, 20', 'Sevilla', TO_DATE('1988-09-05', 'YYYY-MM-DD'), 'Ana Rodríguez', 3200, 4);
INSERT INTO DMP_EMPLEADO (ID, CODIGO_POSTAL, DIRECCION, LOCALIDAD, FECHA_NACIMIENTO, NOMBRE, SALARIO, DEPARTAMENTO_ID_DEPT) VALUES (112, '48001', 'Gran Vía, 15', 'Bilbao', TO_DATE('1995-07-18', 'YYYY-MM-DD'), 'Javier Martínez', 2600, 5);
INSERT INTO DMP_EMPLEADO (ID, CODIGO_POSTAL, DIRECCION, LOCALIDAD, FECHA_NACIMIENTO, NOMBRE, SALARIO, DEPARTAMENTO_ID_DEPT) VALUES (131, '29001', 'Calle Marqués de Larios, 8', 'Málaga', TO_DATE('1991-12-24', 'YYYY-MM-DD'), 'Elena Sánchez', 2900, 6);
INSERT INTO DMP_EMPLEADO (ID, CODIGO_POSTAL, DIRECCION, LOCALIDAD, FECHA_NACIMIENTO, NOMBRE, SALARIO, DEPARTAMENTO_ID_DEPT) VALUES (142, '50001', 'Plaza de España, 2', 'Zaragoza', TO_DATE('1987-06-12', 'YYYY-MM-DD'), 'Miguel Fernández', 3100, 7);
INSERT INTO DMP_EMPLEADO (ID, CODIGO_POSTAL, DIRECCION, LOCALIDAD, FECHA_NACIMIENTO, NOMBRE, SALARIO, DEPARTAMENTO_ID_DEPT) VALUES (153, '03001', 'Avenida Maisonnave, 18', 'Alicante', TO_DATE('1993-02-28', 'YYYY-MM-DD'), 'Isabel Díaz', 2700, 8);
INSERT INTO DMP_EMPLEADO (ID, CODIGO_POSTAL, DIRECCION, LOCALIDAD, FECHA_NACIMIENTO, NOMBRE, SALARIO, DEPARTAMENTO_ID_DEPT) VALUES (164, '47001', 'Calle Santiago, 10', 'Valladolid', TO_DATE('1989-10-07', 'YYYY-MM-DD'), 'David García', 3300, 9);
INSERT INTO DMP_EMPLEADO (ID, CODIGO_POSTAL, DIRECCION, LOCALIDAD, FECHA_NACIMIENTO, NOMBRE, SALARIO, DEPARTAMENTO_ID_DEPT) VALUES (175, '18001', 'Gran Vía, 5', 'Granada', TO_DATE('1994-04-19', 'YYYY-MM-DD'), 'Sofía Pérez', 2400, 10);
-- Datos de ejemplo para DMP_EMPLEADO (Continuación)
INSERT INTO DMP_EMPLEADO (ID, CODIGO_POSTAL, DIRECCION, LOCALIDAD, FECHA_NACIMIENTO, NOMBRE, SALARIO, DEPARTAMENTO_ID_DEPT) VALUES (186, '28002', 'Calle de Alcalá, 25', 'Madrid', TO_DATE('1983-08-03', 'YYYY-MM-DD'), 'Laura Gómez', 2700, 1);
INSERT INTO DMP_EMPLEADO (ID, CODIGO_POSTAL, DIRECCION, LOCALIDAD, FECHA_NACIMIENTO, NOMBRE, SALARIO, DEPARTAMENTO_ID_DEPT) VALUES (197, '08003', 'Rambla de Catalunya, 30', 'Barcelona', TO_DATE('1996-01-15', 'YYYY-MM-DD'), 'Sergio López', 3100, 2);
INSERT INTO DMP_EMPLEADO (ID, CODIGO_POSTAL, DIRECCION, LOCALIDAD, FECHA_NACIMIENTO, NOMBRE, SALARIO, DEPARTAMENTO_ID_DEPT) VALUES (208, '46002', 'Calle Colón, 12', 'Valencia', TO_DATE('1990-11-29', 'YYYY-MM-DD'), 'Marta Rodríguez', 2900, 3);
INSERT INTO DMP_EMPLEADO (ID, CODIGO_POSTAL, DIRECCION, LOCALIDAD, FECHA_NACIMIENTO, NOMBRE, SALARIO, DEPARTAMENTO_ID_DEPT) VALUES (219, '41003', 'Calle Betis, 7', 'Sevilla', TO_DATE('1986-05-08', 'YYYY-MM-DD'), 'Pablo Martínez', 3300, 4);
INSERT INTO DMP_EMPLEADO (ID, CODIGO_POSTAL, DIRECCION, LOCALIDAD, FECHA_NACIMIENTO, NOMBRE, SALARIO, DEPARTAMENTO_ID_DEPT) VALUES (220, '48002', 'Plaza Moyua, 4', 'Bilbao', TO_DATE('1992-09-21', 'YYYY-MM-DD'), 'Carmen Sánchez', 2500, 5);
INSERT INTO DMP_EMPLEADO (ID, CODIGO_POSTAL, DIRECCION, LOCALIDAD, FECHA_NACIMIENTO, NOMBRE, SALARIO, DEPARTAMENTO_ID_DEPT) VALUES (231, '29002', 'Calle Granada, 15', 'Málaga', TO_DATE('1995-03-05', 'YYYY-MM-DD'), 'Alberto Fernández', 2800, 6);
INSERT INTO DMP_EMPLEADO (ID, CODIGO_POSTAL, DIRECCION, LOCALIDAD, FECHA_NACIMIENTO, NOMBRE, SALARIO, DEPARTAMENTO_ID_DEPT) VALUES (242, '50002', 'Paseo Independencia, 9', 'Zaragoza', TO_DATE('1989-07-17', 'YYYY-MM-DD'), 'Ana Pérez', 3000, 7);
INSERT INTO DMP_EMPLEADO (ID, CODIGO_POSTAL, DIRECCION, LOCALIDAD, FECHA_NACIMIENTO, NOMBRE, SALARIO, DEPARTAMENTO_ID_DEPT) VALUES (253, '03002', 'Calle Gerona, 6', 'Alicante', TO_DATE('1993-12-11', 'YYYY-MM-DD'), 'Javier Díaz', 2600, 8);
INSERT INTO DMP_EMPLEADO (ID, CODIGO_POSTAL, DIRECCION, LOCALIDAD, FECHA_NACIMIENTO, NOMBRE, SALARIO, DEPARTAMENTO_ID_DEPT) VALUES (264, '47002', 'Calle del Coso, 14', 'Valladolid', TO_DATE('1987-04-25', 'YYYY-MM-DD'), 'Isabel García', 3200, 9);
INSERT INTO DMP_EMPLEADO (ID, CODIGO_POSTAL, DIRECCION, LOCALIDAD, FECHA_NACIMIENTO, NOMBRE, SALARIO, DEPARTAMENTO_ID_DEPT) VALUES (275, '18002', 'Calle Reyes Católicos, 3', 'Granada', TO_DATE('1991-08-19', 'YYYY-MM-DD'), 'Carlos López', 2900, 10);

-- Datos de ejemplo para ARTICULO
INSERT INTO ARTICULO (ID_ART, NOMBRE, PRECIO_COMPRA) VALUES (1, 'Camiseta', 10);
INSERT INTO ARTICULO (ID_ART, NOMBRE, PRECIO_COMPRA) VALUES (2, 'Pantalón', 20);
INSERT INTO ARTICULO (ID_ART, NOMBRE, PRECIO_COMPRA) VALUES (3, 'Zapatos', 30);
INSERT INTO ARTICULO (ID_ART, NOMBRE, PRECIO_COMPRA) VALUES (4, 'Abrigo', 50);
INSERT INTO ARTICULO (ID_ART, NOMBRE, PRECIO_COMPRA) VALUES (5, 'Sombrero', 15);
INSERT INTO ARTICULO (ID_ART, NOMBRE, PRECIO_COMPRA) VALUES (6, 'Bolso', 25);
INSERT INTO ARTICULO (ID_ART, NOMBRE, PRECIO_COMPRA) VALUES (7, 'Bufanda', 12);
INSERT INTO ARTICULO (ID_ART, NOMBRE, PRECIO_COMPRA) VALUES (8, 'Guantes', 18);
INSERT INTO ARTICULO (ID_ART, NOMBRE, PRECIO_COMPRA) VALUES (9, 'Cinturón', 15);
INSERT INTO ARTICULO (ID_ART, NOMBRE, PRECIO_COMPRA) VALUES (10, 'Calcetines', 8);

-- Datos de ejemplo para CLIENTE
INSERT INTO CLIENTE (ID_CLI, NOMBRE, TELEFONO) VALUES (1, 'Ana López', '666111222');
INSERT INTO CLIENTE (ID_CLI, NOMBRE, TELEFONO) VALUES (2, 'Pedro Martínez', '655333444');
INSERT INTO CLIENTE (ID_CLI, NOMBRE, TELEFONO) VALUES (3, 'Sofía García', '644555666');
INSERT INTO CLIENTE (ID_CLI, NOMBRE, TELEFONO) VALUES (4, 'Miguel Rodríguez', '633777888');
INSERT INTO CLIENTE (ID_CLI, NOMBRE, TELEFONO) VALUES (5, 'Isabel Sánchez', '622999000');
INSERT INTO CLIENTE (ID_CLI, NOMBRE, TELEFONO) VALUES (6, 'David Fernández', '611000111');
INSERT INTO CLIENTE (ID_CLI, NOMBRE, TELEFONO) VALUES (7, 'Elena Pérez', '600222333');
INSERT INTO CLIENTE (ID_CLI, NOMBRE, TELEFONO) VALUES (8, 'Javier González', '699888777');
INSERT INTO CLIENTE (ID_CLI, NOMBRE, TELEFONO) VALUES (9, 'Carmen Ruiz', '688000999');
INSERT INTO CLIENTE (ID_CLI, NOMBRE, TELEFONO) VALUES (10, 'Luis Díaz', '677444555');

-- Datos de ejemplo para VENTA
INSERT INTO VENTA (ID_VENTA, FECHA_VENTA, PRECIO_VENTA, ARTICULO_ID, CLIENTE_ID, EMPLEADO_ID)
VALUES (1, TO_DATE('2024-07-20', 'YYYY-MM-DD'), 25, 1, 1, 123);
INSERT INTO VENTA (ID_VENTA, FECHA_VENTA, PRECIO_VENTA, ARTICULO_ID, CLIENTE_ID, EMPLEADO_ID)
VALUES (2, TO_DATE('2024-07-21', 'YYYY-MM-DD'), 50, 2, 2, 456);
INSERT INTO VENTA (ID_VENTA, FECHA_VENTA, PRECIO_VENTA, ARTICULO_ID, CLIENTE_ID, EMPLEADO_ID)
VALUES (3, TO_DATE('2024-07-22', 'YYYY-MM-DD'), 15, 5, 3, 789);
INSERT INTO VENTA (ID_VENTA, FECHA_VENTA, PRECIO_VENTA, ARTICULO_ID, CLIENTE_ID, EMPLEADO_ID)
VALUES (4, TO_DATE('2024-07-23', 'YYYY-MM-DD'), 100, 4, 4, 101);
INSERT INTO VENTA (ID_VENTA, FECHA_VENTA, PRECIO_VENTA, ARTICULO_ID, CLIENTE_ID, EMPLEADO_ID)
VALUES (5, TO_DATE('2024-07-24', 'YYYY-MM-DD'), 30, 3, 5, 112);
INSERT INTO VENTA (ID_VENTA, FECHA_VENTA, PRECIO_VENTA, ARTICULO_ID, CLIENTE_ID, EMPLEADO_ID)
VALUES (6, TO_DATE('2024-07-25', 'YYYY-MM-DD'), 40, 6, 6, 131);
INSERT INTO VENTA (ID_VENTA, FECHA_VENTA, PRECIO_VENTA, ARTICULO_ID, CLIENTE_ID, EMPLEADO_ID)
VALUES (7, TO_DATE('2024-07-26', 'YYYY-MM-DD'), 20, 9, 7, 142);
INSERT INTO VENTA (ID_VENTA, FECHA_VENTA, PRECIO_VENTA, ARTICULO_ID, CLIENTE_ID, EMPLEADO_ID)
VALUES (8, TO_DATE('2024-07-27', 'YYYY-MM-DD'), 60, 2, 8, 153);
INSERT INTO VENTA (ID_VENTA, FECHA_VENTA, PRECIO_VENTA, ARTICULO_ID, CLIENTE_ID, EMPLEADO_ID)
VALUES (9, TO_DATE('2024-07-28', 'YYYY-MM-DD'), 80, 4, 9, 164);
INSERT INTO VENTA (ID_VENTA, FECHA_VENTA, PRECIO_VENTA, ARTICULO_ID, CLIENTE_ID, EMPLEADO_ID)
VALUES (10, TO_DATE('2024-07-29', 'YYYY-MM-DD'), 120, 3, 10, 175);

